Vessel,Final Time,Final Displacement (y),Final Velocity (v),Final Water Level (h)
Vessel 1,9.9999,0.134887,-0.022098,0.0635965
Vessel 2,9.9999,0.0374948,-0.162314,0.00443339
Vessel 3,9.9999,0.00498634,0.0381632,4.9828e-06
